{"vector": [-0.3743419209381354, 0.24449729900182574, -0.15397212527316823, 0.4479657856997214, -0.059223785019303546, 0.2585025647268068, 0.3575404134886577, 0.13535775642701053, -0.17410493590751838, -0.1532720088170227, -0.14376150490562659, -0.07843750588477608, 0.35950010744469796, 0.21255169097201584, -0.08974021152073579, -0.1840459206574573], "prediction": 1}