{"vector": [0.31692105450978847, 0.0466003956783348, -0.15669733097744132, 0.19951785814330272, -0.22323977163049202, -0.005217781514824769, 0.25261316541910034, -0.1530759454435379, 0.14426396373818048, -0.24953940410758588, 0.36864656650221683, 0.15765684549521053, 0.5750136830059253, 0.19008262714630902, 0.18542870032154748, -0.06429410952907452], "prediction": 8}