{"vector": [-0.13836256256071502, -0.2037608190914894, -0.01963895000477693, -0.018099168650894098, 0.1597284401708285, -0.038784311792053335, -0.33682958759607484, 0.26549293280041536, 0.013544621778742898, -0.19698398811178242, 0.1532426309547046, -0.027231332472364846, -0.13110408718955602, 0.09151582023544055, -0.2491022361808572, 0.4363962290022008], "prediction": 7}