{"vector": [-0.2966743460606719, -0.2654379351198869, 0.016691663042020792, 0.14139740878193144, -0.47980468257460746, 0.18296253053714276, -0.1486889758717845, 0.11803348914971931, 0.28318696717539243, -0.12685412828543322, -0.1677239262519475, -0.0979070254015501, 0.3744575239722564, 0.14592043110478678, -0.22002287773578666, 0.3036813357614048], "prediction": 2}