{"vector": [-0.22632499166982165, 0.3988245929060443, -0.0729926010793267, 0.16825894254922488, 0.22445533880709426, -0.05634608024580255, 0.2019581397556028, -0.19680819336684707, 0.35830038223676575, -0.06787574692727778, 0.3098231463422486, -0.35499814584726896, -0.15100016246596604, -0.06293070416591624, 0.33716624080768537, 0.21166347763769341], "prediction": 6}