{"vector": [-0.042906212570046696, -0.027076652409546317, -0.05622875984208249, -0.033263690859386075, -0.03996751254564358, -0.0863750579980492, -0.13993250880593863, 0.0635987188747945, -0.08818107952505894, 0.08340989585523483, -0.11515465220536344, -0.11450039240639012, -0.10989251433107447, -0.11091819177160327, -0.12824691454542309, 0.05434537526706013], "prediction": 7}