{"vector": [0.19660855208836983, 0.2022776609224402, -0.13829819777953722, -0.3134294733396143, -0.16363920968785545, 0.19339905115500866, -0.1344167128475692, 0.4384999199412454, 0.25891875646211915, -0.09146166249087495, 0.28226381835446873, -0.2962153754973752, -0.3597267738796999, 0.20608754088984937, -0.1580276105763632, 0.12676047998923762], "prediction": 9}