{"vector": [0.17331754447177447, 0.1639245690944535, -0.12008145981643426, -0.31312946629546773, -0.1737413985777955, 0.19432518224961437, -0.18240502209786577, 0.41390744965513954, 0.08934491826771812, -0.04144575091084659, 0.2766383874282872, -0.24585688613072731, -0.3443020105548231, 0.2437324111653904, -0.05970603229980452, 0.14021158653356192], "prediction": 9}