{"vector": [0.16890881726031162, -0.13747033871265152, 0.12647816140277304, -0.22984192888411462, -0.15816751961252365, -0.12506425923631598, -0.20414109443964504, -0.44454230609251705, 0.20002977121039137, -0.17006040614915935, -0.24031055439463705, -0.2741000822259664, 0.22971717509398207, -0.24898908028921438, -0.2657917699539205, 0.30365598073433275], "prediction": 0}