{"vector": [0.27896574269330543, 0.08833014069475363, -0.02287490890748913, -0.054475778278219436, -0.2259586847738037, -0.3444785224398764, 0.341442240354047, -0.20860406319797828, 0.33560566119612, -0.36945571870054605, 0.14292873722091384, 0.20448849739976385, -0.38338681833475674, -0.07642273722452884, -0.13916967456798462, 0.018805336082624097], "prediction": 4}