{"vector": [-0.46894641064472, 0.15623041313078725, -0.2172639751479301, -0.0023367472548266872, 0.025162106454655463, 0.011898110116794747, -0.015500326471002284, 0.11786085206234602, 0.014201117760089484, -0.1868565045992506, 0.05686438521177854, 0.2911523926145448, -0.023606587766136406, -0.29959622777355505, -0.2840178062940634, 0.08149720825241043], "prediction": 5}