{"vector": [0.18801496257320038, 0.2379686013951849, -0.17382886445569676, -0.32338148522778154, -0.14922978677107954, 0.19669765309515444, -0.16525093213931846, 0.41905281028267405, 0.20037864696447943, -0.17063258374042226, 0.28661284549686367, -0.29371020551293714, -0.28446947837911324, 0.21110453434295262, -0.20755697261472345, 0.11216548501944287], "prediction": 9}