{"vector": [0.10377104970328473, -0.008223527634951234, 0.09669534956210271, 0.028676623328980966, 0.14633463948964234, 0.1901579565263637, 0.4098898159244295, 0.15649041791629625, -0.3931599391068388, -0.3018000228329488, -0.1380785678350429, -0.48979905394742657, 0.13408382531063948, 0.08780762585345289, -0.17485996229291112, 0.16348114625656102], "prediction": 3}